id,iq,vd
1134.276,96.419,-345.42
1134.182,95.962,-339.31
1134.03,94.821,-324.72
26.502,97.03,-42.776
30.776,95.045,175.61
30.657,94.951,-215.56
30.615,96.867,106.96
30.065,96.616,-9.8504
34.586,96.267,-371.01
34.509,95.346,-364.82
34.494,96.093,-362.7
34.415,1196.146,-356.4
34.342,1195.847,-351.85
34.282,1195.765,-347.26
34.222,94.179,-342.88
34.184,96.237,-339.85
34.125,94.707,-333.8
34.077,95.301,-331.07
34.062,105.141,-327.26
34.038,94.007,-326.17
34.006,96.41,-324.07
33.994,95.403,-322.41
33.933,96.339,-319.4
33.919,97.293,-316.86
33.915,95.862,-316.93
33.909,95.9,-317.44
33.896,95.961,-315.97
33.888,95.878,-314.95
33.872,96.336,-312.07
33.847,95.132,-310.4
33.838,103.499,-311.76
33.825,95.243,-310.12
33.825,96.252,-308.27
33.813,96.105,-309.73
33.782,100.083,-307.62
33.768,95.551,-304.65
33.762,95.522,-303.99
33.745,96.195,-304
33.743,94.908,-303.81
33.725,96.049,-300.42
33.683,95.882,-299.53
33.669,95.447,-295.84
33.649,95.69,-296.98
33.646,97.168,-293.96
33.64,95.179,-296.28
33.639,94.166,-293.8
33.62,95.927,-293.94
33.617,94.786,-292.48
33.616,95.145,-294.35
33.606,93.948,-290.76
33.598,96.823,-292.51
33.598,94.777,-291.73
33.59,95.696,-290.28
33.573,96.21,-288.06
33.544,96.416,-287.63
33.525,96.13,-286.36
33.511,95.632,-284
33.51,96.163,-285.7
33.487,95.08,-281.26
33.48,95.994,-283.52
33.47,94.073,-279.91
33.464,96.512,-280.63
33.455,96.029,-281.13
33.452,93.867,-281.04
33.446,95.837,-278.78
33.437,96.085,-278.89
33.428,96.226,-277.63
33.425,96.474,-278.88
33.423,95.741,-278.35
33.413,95.955,-277.41
33.411,96.19,-276.79
33.408,95.954,-275.56
33.384,95.42,-274.79
33.383,96.196,-273.72
33.365,96.008,-273.52
33.363,96.074,-272.93
33.358,95.844,-272.2
33.356,96.74,-270.69
33.352,94.921,-271.12
33.349,94.455,-271.05
33.344,95.593,-271.85
33.323,96.91,-270.13
33.321,96.335,-270.25
33.317,96.502,-270.03
33.309,95.358,-268.46
33.302,95.844,-267.9
33.296,96.533,-268.77
33.296,95.615,-266.78
33.272,96.69,-264.58
33.251,95.949,-263.68
33.242,95.804,-263.88
33.239,96.05,-262.97
33.239,95.852,-261.57
33.238,96.254,-262.93
33.237,96.401,-262.81
33.236,96.032,-262.43
33.209,96.686,-260.09
33.203,95.064,-261.27
33.201,96.488,-261.03
33.2,96.194,-261.15
33.191,95.726,-260.33
33.187,95.887,-259.52
33.186,96.179,-257.81
33.179,95.259,-259.13
33.166,95.911,-257.15
33.159,96.242,-254.96
33.155,96.069,-256.08
33.151,95.712,-255.28
33.145,96.039,-255.68
33.138,96.819,-256.09
33.136,96.159,-253.09
33.125,97.355,-253.38
33.116,93.553,-252.58
33.103,94.346,-251.51
33.1,95.877,-252.37
33.099,95.667,-251.6
33.087,96.57,-251.81
33.086,95.104,-251.73
33.085,95.728,-249.25
33.081,95.651,-250.24
33.078,95.808,-249.9
33.073,95.834,-250.94
33.067,95.895,-248.89
33.064,96.282,-249.04
33.062,96.092,-249.35
33.058,96.524,-248.72
33.053,95.533,-248.58
33.05,95.719,-247.89
33.042,96.13,-245.87
33.041,95.326,-248.16
33.04,96.057,-245.69
33.03,95.556,-246.91
33.03,96.48,-245.6
33.029,96.059,-247.22
33.027,95.643,-245.94
33.026,96.033,-246.43
33.021,97.381,-245.06
33.015,95.816,-243.6
33.013,97.73,-243.2
33.012,94.683,-244.99
33.008,95.729,-243.1
32.994,96.401,-243.62
32.992,94.636,-242.97
32.992,95.828,-241.77
32.99,94.933,-243.3
32.989,95.282,-242.34
32.988,95.49,-242.02
32.983,96.614,-240.81
32.974,95.491,-240.71
32.969,96.015,-241.04
32.969,96.108,-241
32.968,95.537,-242.35
32.959,96.335,-241.74
32.957,96.813,-238.69
32.952,95.282,-240.57
32.948,95.891,-240.12
32.944,96.022,-238.28
32.942,95.655,-239.44
32.938,96.641,-238.63
32.937,96.704,-238.71
32.935,95.286,-237.99
32.929,96.05,-239.38
32.924,96.507,-238.07
32.922,95.88,-238.15
32.921,97.112,-236.72
32.916,95.633,-236.39
32.909,97.106,-235.16
32.908,96.726,-237.21
32.897,95.717,-235.79
32.895,94.744,-236.63
32.893,96.086,-233.62
32.889,94.891,-234.5
32.883,96.046,-233.13
32.878,96.146,-232.71
32.872,95.878,-234.83
32.863,96.186,-232.52
32.862,94.433,-232.46
32.86,96.636,-232.64
32.858,95.983,-233
32.853,95.514,-232.26
32.853,95.749,-230.68
32.85,94.699,-231.67
32.849,95.605,-230.81
32.845,96.83,-230.62
32.844,94.43,-231.6
32.842,95.79,-231.27
32.839,96.719,-229.4
32.838,95.337,-230.08
32.835,95.739,-230.44
32.834,96.412,-230.61
32.831,95.351,-229.79
32.829,96.877,-230.02
32.828,94.646,-229.55
32.82,95.175,-229.28
32.82,95.061,-228.78
32.819,96.039,-229.62
32.805,95.572,-227.68
32.799,95.375,-227.44
32.794,95.629,-226.84
32.793,95.189,-226.31
32.792,96.88,-226.7
32.791,95.978,-227.83
32.789,95.842,-226.05
32.786,97.545,-225.28
32.784,96.514,-225.66
32.776,96.391,-225.46
32.775,96.743,-225.18
32.772,96.434,-225.12
32.772,96.807,-224.8
32.77,94.756,-226.73
32.769,95.935,-224.77
32.762,95.773,-225.68
32.762,94.472,-223.95
32.761,96.088,-225.44
32.759,94.833,-225.71
32.757,96.411,-225.05
32.756,95.516,-224.35
32.748,96.503,-223.02
32.74,94.526,-221.59
32.738,97.048,-222.03
32.735,96.065,-221.66
32.733,96.532,-222.39
32.724,94.71,-221.4
32.7,95.246,-220.14
32.699,94.514,-220.75
32.696,96.716,-220.76
32.696,94.559,-219.48
32.689,94.977,-220.13
32.685,94.235,-219.83
32.682,95.265,-217.38
32.681,95.359,-217.33
32.68,96.102,-217.55
32.68,94.668,-217.23
32.675,96.367,-217.56
32.675,96.811,-216.16
32.674,96.298,-217.23
32.673,96.215,-217.61
32.673,97.454,-217.21
32.671,94.487,-217.01
32.667,96.703,-217.63
32.661,95.031,-216.31
32.656,98.736,-214.91
32.656,95.705,-214.91
32.653,95.708,-214.79
32.653,95.723,-214.7
32.648,94.877,-215.15
32.643,96.28,-215.49
32.64,96.563,-213.34
32.637,94.468,-214.27
32.635,95.873,-214.63
32.634,94.879,-213.92
32.633,96.073,-212.82
32.626,96.94,-212.34
32.614,94.796,-211.53
32.612,95.899,-213.41
32.611,96.27,-212.25
32.607,94.878,-213.24
32.606,94.722,-212.62
32.604,96.321,-213.43
32.604,95.078,-212.6
32.604,95.598,-212.58
32.604,95.322,-211.35
32.603,95.814,-211.91
32.591,95.02,-211.27
32.585,95.5,-210.79
32.582,96.024,-208.75
32.581,95.833,-209.52
32.576,96.755,-209.9
32.573,95.583,-208.12
32.571,95.891,-210
32.57,95.212,-208.86
32.565,94.608,-208.32
32.565,94.61,-207.94
32.561,98.115,-207.3
32.559,95.556,-209.8
32.557,95.506,-207.13
32.556,97.076,-208.41
32.555,95.587,-209.43
32.554,94.923,-208.21
32.554,96.787,-208.07
32.554,96.13,-207.39
32.552,96.07,-207.7
32.552,96.232,-206.46
32.551,98.251,-206.44
32.55,95.453,-208.78
32.546,97.186,-205.83
32.543,94.961,-207.43
32.543,95.993,-205.6
32.534,94.761,-205.85
32.53,94.924,-206.84
32.527,95.657,-207.07
32.526,95.384,-205.06
32.525,94.65,-205.28
32.516,94.361,-205.51
32.514,96.255,-204.51
32.511,95.832,-204.05
32.51,96.965,-205.58
32.51,95.648,-203.68
32.51,96.167,-202.97
32.509,95.137,-205.63
32.5,97.047,-204.2
32.5,95.486,-202.72
32.495,94.273,-203.67
32.493,94.601,-203.88
32.491,96.096,-204.34
32.483,94.137,-202.49
32.482,95.359,-200.75
32.481,95.791,-202.11
32.48,96.244,-202.35
32.48,95.813,-201.28
32.478,96.987,-201.91
32.476,95.809,-200.74
32.475,97.662,-201.31
32.474,95.922,-202.34
32.471,94.564,-200.99
32.47,96.058,-200.28
32.465,94.93,-200.32
32.463,95.691,-199.86
32.461,96.572,-198.98
32.455,94.94,-198.99
32.454,95.968,-200.93
32.452,97.791,-200.01
32.447,93.376,-199.05
32.446,96.126,-199.83
32.446,94.639,-198.22
32.44,94.585,-197.77
32.439,96.162,-197.85
32.436,96.636,-197.74
32.432,95.895,-198.11
32.432,95.05,-197.4
32.431,96.409,-196.99
32.429,96.322,-197.36
32.42,95.006,-196.44
32.419,96.299,-197.13
32.418,96.107,-198.23
32.417,95.404,-197.97
32.413,95.701,-196.08
32.413,96.625,-195.25
32.411,95.497,-197.4
32.411,96.02,-195.54
32.405,95.242,-196.73
32.405,96.891,-195.82
32.399,95.117,-194.67
32.395,95.66,-194.14
32.392,95.649,-193.77
32.388,96.296,-194.76
32.387,95.569,-193.98
32.387,98.153,-193.3
32.381,96.024,-195.43
32.38,94.781,-194.85
32.376,95.568,-192.39
32.375,95.333,-195.02
32.375,96.076,-192.45
32.368,95.48,-193.44
32.363,95.893,-192.96
32.362,96.384,-192.18
32.359,95.17,-191.45
32.358,96.355,-192.13
32.357,97.147,-191.74
32.355,96.662,-192.07
32.355,95.798,-190.57
32.351,95.52,-192.28
32.351,95.949,-191.71
32.35,95.394,-191.14
32.343,96.171,-191.32
32.342,96.442,-191.5
32.34,95.91,-191.58
32.339,95.134,-191
32.338,96.421,-189.37
32.334,95.917,-190.99
32.325,95.179,-188.58
32.319,95.894,-188.77
32.316,96.109,-189.83
32.316,96.539,-188.66
32.307,97.509,-188.42
32.299,95.919,-186.15
32.29,95.678,-187.29
32.288,96.585,-185.19
32.287,94.543,-186.31
32.284,94.272,-187.61
32.284,94.732,-186.18
32.28,95.272,-186.05
32.279,96.178,-185.64
32.276,95.127,-187.03
32.276,97.409,-184.36
32.273,97.588,-184.17
32.272,96.585,-185.61
32.271,95.973,-186.57
32.269,94.569,-184.8
32.268,96.045,-186.19
32.267,94.689,-183.95
32.263,94.826,-184.36
32.262,96.152,-184.22
32.258,96.751,-185.19
32.258,96.478,-184.32
32.244,95.45,-184.65
32.244,95.688,-181.65
32.243,96.75,-183.17
32.24,95.282,-181.56
32.239,95.952,-181.82
32.237,95.476,-182.78
32.233,95.826,-182.08
32.231,94.954,-181.05
32.228,96.608,-180.92
32.227,94.333,-181.61
32.224,95.824,-180.78
32.222,95.013,-180.65
32.218,96.721,-180.63
32.215,97.026,-182.26
32.214,96.079,-181.78
32.213,96.944,-180.26
32.212,97.358,-180.75
32.209,95.543,-180.42
32.209,96.102,-179.58
32.208,94.635,-180.64
32.208,95.539,-180.02
32.206,94.944,-179.93
32.2,94.849,-178.43
32.198,95.28,-180.75
32.196,95.188,-179.33
32.194,94.835,-180.32
32.193,96.114,-180.52
32.193,95.073,-178.31
32.191,94.141,-178.77
32.187,97.173,-179.97
32.187,95.568,-178.49
32.185,95.536,-177.96
32.184,95.578,-177.01
32.181,96.563,-177.34
32.179,97.155,-176.48
32.176,95.131,-178.74
32.175,95.003,-177.81
32.168,96.068,-176.99
32.165,95.454,-175.73
32.164,96.103,-177.22
32.163,96.428,-178.08
32.163,95.115,-177.26
32.163,95.76,-175.25
32.16,94.415,-175.65
32.16,95.355,-175.63
32.158,95.411,-177.09
32.158,95.658,-176.03
32.149,96.535,-174.08
32.144,95.757,-176.22
32.144,95.244,-174.81
32.143,96.594,-174.87
32.138,95.863,-176.14
32.137,96.272,-175.5
32.136,96.624,-174.58
32.133,97.16,-172.89
32.13,95.923,-172.96
32.129,94.928,-174.57
32.123,95.822,-174.05
32.117,95.067,-172.33
32.116,96.671,-172.46
32.113,96.235,-171.77
32.109,96.436,-171.03
32.106,95.185,-171.67
32.105,96.078,-173.2
32.103,95.724,-171.47
32.101,95.844,-172.46
32.1,95.9,-170.29
32.099,94.867,-172.39
32.099,95.346,-171.8
32.092,96.68,-170.96
32.091,95.706,-169.48
32.089,96.07,-169.66
32.086,95.445,-170.05
32.083,95.901,-171.27
32.08,96.088,-169.26
32.07,95.674,-170.36
32.068,95.466,-169.23
32.067,96.001,-170.23
32.067,95.945,-169.63
32.067,96.188,-167.82
32.065,95.185,-170.22
32.061,95.462,-168.83
32.06,96.306,-167.55
32.053,95.674,-166.79
32.052,95.126,-168.38
32.048,95.04,-168.77
32.047,94.914,-166.94
32.043,95.746,-168.24
32.031,96.291,-167.44
32.03,96.113,-164.94
32.028,95.712,-164.44
32.027,96.269,-166.93
32.025,96.018,-166.11
32.024,95.773,-164.94
32.022,96.246,-164.78
32.022,96.081,-163.91
32.018,95.804,-163.61
32.016,95.9,-164.37
32.011,96.681,-164.63
32.007,96.835,-163.48
32.007,97.801,-162.89
32.005,95.362,-164.44
32.002,94.855,-164.39
32,96.668,72.75
31.999,96.195,-164.1
31.997,96.654,-164.39
31.996,95.367,-163.88
31.995,94.663,-162.31
31.993,94.864,-161.88
31.992,96.46,-161.58
31.99,95.574,-161.56
31.989,96.28,-163.66
31.985,97.582,-161.15
31.984,96.052,-161.27
31.983,94.377,-161.37
31.982,94.74,-162.62
31.978,96.872,-160.76
31.977,96.011,-160.69
31.975,96.38,-161.56
31.975,95.917,-160.34
31.973,94.646,-161.64
31.97,96.448,-161.14
31.97,94.731,-159.91
31.968,95.525,-160.35
31.968,96.746,-159.76
31.962,95.375,-160.64
31.957,95.361,-160.49
31.956,95.897,-161.1
31.955,95.578,-158.69
31.95,97.356,-158.81
31.949,94.681,-160.55
31.949,94.945,-160.42
31.949,94.349,-159.74
31.946,94.445,-159.15
31.945,94.943,-158.58
31.943,95.48,-158.93
31.943,95.547,-158.24
31.942,96.161,-157.93
31.94,96.251,-160.26
31.937,95.714,-159.23
31.937,95.467,-159
31.937,98.136,-157.3
31.936,96.753,-158.95
31.931,96.704,-158.31
31.929,94.904,-158.95
31.928,95.316,-157.55
31.925,97.45,-157.87
31.925,98.007,-156.3
31.921,96.708,-155.83
31.916,95.651,-158.45
31.913,95.266,-157.69
31.912,95.33,-157.45
31.911,94.48,-157.38
31.911,96.322,-155.06
31.91,95.133,-156.2
31.91,94.348,-155.54
31.907,95.161,-157.01
31.905,96.089,-156.47
31.896,95.888,-156.3
31.892,96.142,-153.62
31.891,97.871,-153.93
31.889,94.908,-155.44
31.888,96.187,-156.07
31.875,95.396,-152.16
31.874,95.126,-153.27
31.873,96.205,-152.47
31.872,96.349,-153.84
31.871,95.807,-152.4
31.87,96.752,-153.48
31.87,95.697,-151.79
31.867,96.783,-152.39
31.865,94.373,-153.72
31.862,94.767,-151.28
31.861,94.482,-151.51
31.86,94.606,-153.05
31.86,95.206,-151.73
31.858,97.195,-152.55
31.857,97.076,-151.77
31.856,95.886,-150.82
31.853,97.178,-152.15
31.852,94.761,-151.28
31.849,96.599,-152.78
31.848,95.12,-152.75
31.847,95.226,-150.83
31.846,96.36,-149.83
31.845,95.993,-150.38
31.84,95.593,-149.72
31.837,95.458,-151.09
31.836,95.146,-150.69
31.836,95.704,-150.67
31.836,96.333,-149.15
31.835,95.832,-149.62
31.832,96.592,-148.93
31.83,96.037,-148.6
31.83,96.69,-148.51
31.828,95.231,-149.51
31.827,94.739,-148.52
31.823,96.778,-149.41
31.823,96.279,-149.17
31.821,96.09,-150.65
31.82,95.31,-148.59
31.819,97.87,-147.82
31.816,96.274,-147.9
31.809,94.047,-149.81
31.809,96.264,-147.28
31.801,95.976,-147.07
31.8,95.293,-146.72
31.797,94.758,-148.21
31.796,96.152,-148.76
31.796,95.451,-146.54
31.794,95.41,-148.15
31.792,96.405,-145.67
31.791,96.224,-145.79
31.787,95.656,-145.76
31.783,96.519,-144.77
31.782,95.753,-146.34
31.781,96.632,-146.35
31.778,95.418,-144.64
31.775,95.203,-145.31
31.775,97.729,-144.39
31.771,96.799,-145.98
31.769,94.851,-144.37
31.764,95.422,-145.11
31.761,96.356,-144.48
31.761,95.266,-143.34
31.76,95.683,-145.59
31.76,95.735,-143.39
31.755,94.63,-145.39
31.754,96.034,-144.78
31.75,95.511,-145.17
31.75,95.801,-142.4
31.748,95.481,-142.31
31.743,95.504,-143.1
31.743,96.443,-141.99
31.737,97.347,-141.11
31.736,96.693,-143.94
31.736,95.802,-143.42
31.736,95.904,-142.73
31.734,95.901,-143.29
31.732,97.944,-141.05
31.73,95.708,-142.83
31.73,96.466,-141.43
31.722,97.191,-140.39
31.72,97.133,-141.02
31.719,96.078,-141.74
31.716,94.996,-140.96
31.714,95.125,-139.53
31.713,96.459,-139.23
31.708,96.856,-140.27
31.707,95.605,-139.64
31.7,96.129,-140.39
31.7,97.577,-138.61
31.699,96.631,-138.05
31.698,95.759,-139.16
31.695,96.644,-139.2
31.694,96.717,-139.42
31.692,97.147,-138.45
31.688,94.416,-139.87
31.688,94.579,-138.26
31.687,96.458,-139.81
31.684,96.699,-137.39
31.68,95.833,-139.26
31.679,94.753,-138.18
31.679,96.607,-137
31.678,95.21,-137.64
31.676,97.396,-136.59
31.675,96.514,-137.1
31.671,95.337,-136.12
31.667,96.082,-136.83
31.665,96.686,-136.46
31.665,97.226,-136.41
31.665,94.955,-135.62
31.664,97.7,-135.24
31.662,96.391,-137.24
31.661,95.922,-135.42
31.66,96.869,-136.65
31.656,94.581,-137.14
31.656,95.976,-134.69
31.654,96.885,-136.22
31.654,97.194,-135.19
31.651,97.332,-134.47
31.648,96.642,-135.16
31.647,94.61,-134.08
31.642,95.045,-135.86
31.642,95.894,-133.56
31.639,97.131,-135.03
31.639,95.799,-133.5
31.639,98.118,-133.37
31.633,95.912,-133.22
31.632,95.177,-134.58
31.63,96.023,-134.36
31.622,97.638,-132.47
31.622,96.647,-132.34
31.621,96.454,-134.59
31.62,97.684,-43.136
31.618,94.534,-134.15
31.611,96.114,-133.74
31.605,95.135,-133.4
31.603,95.783,-132.78
31.603,96.202,-131.91
31.603,95.385,-131.76
31.601,96.784,-130.87
31.598,96.289,-132.97
31.594,95.653,-132
31.592,95.212,-131.46
31.592,96.65,-131.07
31.592,95.87,-130.79
31.59,96.201,-130.97
31.589,96.184,-131.96
31.589,96.363,-130.71
31.588,96.239,-129.82
31.583,95.4,-130.04
31.581,99.023,-128.98
31.58,95.576,-128.87
31.578,96.122,-129.16
31.577,94.752,-129.82
31.576,95.333,-128.49
31.569,96.497,-130.55
31.568,95.29,-130.31
31.568,97.211,-129.64
31.567,94.14,-128.12
31.558,97.524,-127.68
31.558,98.783,-126.78
31.556,95.364,-128.75
31.554,97.5,-126.47
31.552,98.503,-126.23
31.548,95.67,-126.26
31.546,96.996,-126.1
31.545,94.544,-127.4
31.543,95.242,-126.1
31.543,96.26,-126
31.537,95.115,-126.27
31.536,96.305,-125.63
31.535,96.244,-125.37
31.533,95.726,-126.03
31.532,96.154,-126.07
31.532,96.323,-126.05
31.532,96.002,-124.87
31.531,94.801,-126.5
31.53,95.727,-127.06
31.53,96.214,-125.42
31.529,97.033,-124.55
31.528,95.613,-126.99
31.525,97.519,-124.81
31.522,98.33,-124.36
31.518,98.358,-123.83
31.517,95.066,-125.83
31.516,97.238,-124.71
31.515,97.797,-123.33
31.514,96.209,-123.27
31.513,94.253,-124.14
31.512,96.695,-123.71
31.511,94.612,-123.84
31.509,97.067,-122.86
31.502,96.453,-124.06
31.501,96.08,-124.83
31.496,96.348,-121.97
31.495,96.271,-124.05
31.495,95.319,-121.84
31.49,96.494,-122.23
31.49,95.865,-122.04
31.49,96.026,-121.93
31.489,94.287,-121.98
31.484,95.624,-123.38
31.484,96.94,-121.01
31.484,97.421,-120.85
31.478,95.675,-121.14
31.478,95.581,-121
31.476,96.434,-120.43
31.475,94.13,-121.46
31.475,94.655,-120.53
31.474,95.897,-122.46
31.472,95.365,-122.6
31.472,94.616,-121.31
31.47,96.446,-120.5
31.469,96.601,-122.37
31.469,94.767,-121.38
31.467,96.309,-119.73
31.466,95.545,-120.82
31.465,96.013,-122.1
31.465,95.795,-119.59
31.463,98.295,-119.74
31.463,95.602,-119.55
31.462,94.493,-119.93
31.461,94.966,-120.59
31.459,96.94,-118.85
31.457,97.132,-119.41
31.456,95.063,-118.87
31.454,97.874,-118.94
31.453,95.324,-118.7
31.453,96.439,-118.65
31.451,95.504,-120.61
31.45,95.702,-118.17
31.449,96.686,-118.97
31.443,95.683,-118.31
31.442,96.706,-119.63
31.442,95.267,-118.99
31.441,96.059,-119.8
31.439,95.652,-119.48
31.439,96.763,-117.89
31.435,95.474,-118.61
31.435,96.426,-117.23
31.429,96.913,-116.49
31.428,95.441,-118.9
31.428,95.382,-118.81
31.427,95.145,-118.36
31.426,96.239,-117.12
31.422,96.007,-116.94
31.418,96.085,-115.99
31.417,96.961,-115.47
31.416,95.596,-116.79
31.416,95.488,-115.75
31.415,95.821,-115.65
31.413,96.864,-117.23
31.412,98.047,-115.21
31.409,96.325,-116.54
31.407,96.427,-116.1
31.405,95.549,-116.6
31.405,97.781,-115.24
31.404,95.522,-117.13
31.402,94.764,-114.37
31.401,95.2,-115.81
31.397,97.109,-114.92
31.396,94.758,-115.39
31.396,95.974,-115.34
31.395,94.855,-114.6
31.392,94.105,-115.63
31.391,95.443,-113.96
31.39,95.864,-115.27
31.389,96.89,-113.69
31.389,96.19,-113.69
31.386,95.193,-115.76
31.386,96.184,-115.33
31.386,94.192,-114.39
31.383,95.869,-115.68
31.383,96.188,-113
31.379,95.974,-113.54
31.378,96.186,-114.98
31.378,97.686,-112.47
31.374,95.617,-113.92
31.372,95.745,-113.6
31.372,96.521,-112.5
31.37,95.007,-113.25
31.369,95.922,-112.72
31.366,97.977,-112
31.366,97.105,-111.58
31.365,95.647,-112.4
31.36,95.487,-113.69
31.359,95.341,-113.71
31.358,95.955,-113.09
31.357,95.84,-110.96
31.356,95.825,-113.01
31.356,96.924,-111.36
31.355,96.5,-113.54
31.355,96.766,-111.84
31.353,96.2,-111.7
31.353,95.348,-110.68
31.351,96.538,-110.7
31.349,96.563,-111.01
31.348,96.028,-111.22
31.346,94.8,-112.46
31.346,95.587,-110.53
31.344,96.056,-109.82
31.34,96.182,-110.52
31.339,96.946,-111.27
31.339,95.941,-110
31.337,94.268,-111.82
31.335,95.277,-109.01
31.332,97.313,-109.2
31.332,97.428,-109.02
31.331,94.642,-110.02
31.328,97.812,-108.77
31.327,95.876,-109.15
31.326,96.466,-108.43
31.325,95.398,-110.17
31.324,95.254,-109.78
31.324,98.459,-108.49
31.323,97.157,-108.43
31.322,96.848,-108.53
31.322,97.14,-108.06
31.321,95.507,-108.09
31.32,95.604,-110.08
31.319,94.822,-109.73
31.318,96.41,-108.68
31.316,96.817,-110.13
31.314,95.135,-108.1
31.313,96.058,-109.43
31.31,96.645,-108.92
31.31,96.147,-107.22
31.309,95.791,-108.98
31.309,96.634,-107.24
31.309,98.076,-107.18
31.307,98.59,-107.07
31.305,96.694,-108.95
31.302,95.799,-107.08
31.302,99.302,-106.6
31.301,95.62,-106.74
31.301,98.546,-106.41
31.299,95.873,-107.12
31.299,95.216,-106.2
31.297,94.69,-107.61
31.294,96.112,-108.25
31.294,96.093,-106.38
31.294,98.026,-106.12
31.294,98.242,-106.07
31.293,98.396,-105.81
31.292,94.808,-108.24
31.29,98.534,-105.39
31.283,95.622,-107.35
31.281,94.551,-106.96
31.28,95.436,-105.74
31.279,95.301,-105.27
31.275,98.122,-104.74
31.275,96.483,-104.3
31.274,95.997,-106.48
31.274,98.363,-104.37
31.273,95.48,-104.83
31.273,95.918,-104.71
31.269,95.852,-104.06
31.265,95.403,-105.75
31.262,96.079,-104.91
31.261,95.102,-104.56
31.258,94.858,-103.7
31.257,94.925,-102.96
31.255,95.839,-104.36
31.25,96.362,-103.31
31.247,96.418,-102.64
31.243,94.683,-102.12
31.241,97.593,-101.58
31.24,97.75,-101.54
31.24,98.3,-101.33
31.239,96.377,-103.24
31.235,94.878,-100.95
31.234,97.428,-101.19
31.233,94.937,-102.53
31.229,94.697,-103.02
31.229,96.283,-101.92
31.229,99.275,-100.91
31.229,94.972,-100.62
31.224,95.004,-100.93
31.223,95.398,-100.23
31.221,95.282,-101.85
31.22,97.453,-100.64
31.216,96.949,-99.395
31.211,94.868,-101.6
31.211,95.647,-100.71
31.21,96.27,-99.674
31.21,98.538,-99.181
31.209,94.798,-99.369
31.207,97.607,-100.69
31.204,95.104,-99.814
31.203,94.649,-99.369
31.202,96.184,-99.175
31.201,97.332,-99.124
31.2,98.526,-98.311
31.198,95.29,-99.181
31.194,94.489,-99.056
31.194,96.13,-97.73
31.193,95.248,-98.314
31.193,95.57,-97.98
31.192,94.516,-98.056
31.191,96.353,-98.282
31.188,95.057,-97.61
31.186,95.605,-97.673
31.185,96.494,-99.555
31.182,95.422,-99.098
31.181,96.188,-96.641
31.175,95.32,-96.795
31.175,95.767,-96.457
31.173,96.902,-95.987
31.172,96.159,-96.549
31.172,99.326,-96.126
31.17,94.594,-95.904
31.168,96.174,-96.773
31.166,97.112,-95.756
31.166,97.594,-95.394
31.163,95.678,-95.265
31.162,95.772,-96.209
31.159,94.83,-97.586
31.159,95.644,-95.673
31.158,97.513,-95.522
31.156,99.107,-94.975
31.155,95.81,-95.579
31.154,96.388,-95.442
31.154,95.397,-95.305
31.153,96.369,-94.816
31.152,96.596,-96.775
31.152,96.695,-94.493
31.152,96.739,-94.329
31.151,98.273,-94.319
31.146,96.155,-94.094
31.142,94.473,-95.433
31.141,96.018,-93.692
31.141,99.207,-93.473
31.135,97.655,-93.68
31.133,97.235,-93.916
31.132,96.295,-92.772
31.13,97.846,-92.624
31.129,94.436,-93.837
31.129,96.794,-92.743
31.128,95.817,-92.791
31.125,94.99,-92.741
31.122,94.945,-94.045
31.122,96.475,-92.179
31.12,96.039,-93.242
31.12,95.725,-92.157
31.119,96.692,-92.238
31.119,95.006,-92.215
31.119,98.457,-91.614
31.118,96.414,-92.295
31.117,97.949,-92.11
31.116,96.588,-92.681
31.116,95.724,-92.443
31.114,96.147,-92.819
31.109,96.514,-91.836
31.106,95.546,-90.649
31.104,98.283,-90.686
31.103,95.35,-90.961
31.1,95.907,-91.462
31.098,96.526,-91.464
31.097,95.707,-91.415
31.097,95.144,-91.277
31.097,95.917,-90.946
31.097,96.035,-90.071
31.091,95.288,-91.926
31.09,96.229,-90.134
31.09,94.826,-89.929
31.089,94.796,-89.635
31.088,97.801,-90.799
31.088,96.775,-89.135
31.087,96.079,-91.487
31.084,96.839,-90.964
31.082,97.009,-88.789
31.08,94.91,-90.405
31.078,95.081,-89.575
31.077,96.684,-89.373
31.077,96.089,-88.842
31.077,97.929,-88.362
31.074,95.607,-90.408
31.073,95.543,-90.162
31.072,97.319,-88.352
31.07,95.352,-89.137
31.069,96.047,-90.006
31.069,96.732,-89.076
31.068,96.767,-87.625
31.067,98.43,-87.74
31.066,96.065,-87.717
31.066,94.904,-87.545
31.064,97.29,-87.335
31.062,94.521,-87.392
31.062,96.007,-87.159
31.06,95.213,-88.167
31.06,96.255,-87.633
31.06,97.435,-87.565
31.059,95.722,-87.452
31.059,99.091,-87.329
31.057,96.797,-87.532
31.057,94.998,-87.109
31.056,95.759,-87.978
31.056,97.128,-87.808
31.055,96.791,-88.377
31.055,96.481,-86.741
31.053,96.906,-87.441
31.053,95.982,-87.056
31.052,96.541,-88.58
31.052,96.691,-86.823
31.051,95.15,-88.944
31.051,95.162,-88.924
31.048,98.795,-86.303
31.046,97.14,-86.02
31.045,96.082,-87.563
31.044,95.403,-88.258
31.043,94.786,-88.136
31.043,94.964,-86.308
31.041,96.754,-86.915
31.041,95.839,-85.858
31.041,98.81,-85.637
31.041,97.8,-85.364
31.037,95.514,-87.905
31.037,96.457,-86.571
31.036,96.144,-86.648
31.035,95.656,-85.938
31.033,96.883,-85.254
31.029,97.46,-85.091
31.026,97.68,-84.289
31.024,95.837,-84.451
31.023,96.046,-86.538
31.023,98.03,-84.266
31.023,97.711,-84.032
31.022,94.968,-84.967
31.019,98.135,-83.864
31.018,94.886,-85.469
31.018,96.245,-83.795
31.017,95.774,-83.531
31.016,96.121,-83.439
31.013,96.983,-83.877
31.011,96.008,-83.282
31.009,96.207,-85.72
31.008,96.618,-83.671
31.007,96.395,-83.598
31.006,95.984,-83.862
31.005,95.51,-85.105
31.005,97.154,-83.322
31.001,98.067,-82.24
30.999,95.24,-84.856
30.998,94.276,-84.55
30.997,95.091,-82.542
30.996,96.895,-82.293
30.996,95.197,-82.144
30.993,95.672,-84.387
30.991,98.881,-81.611
30.99,97.921,-81.813
30.989,97.775,-81.873
30.988,97.352,-81.237
30.984,95.334,-82.256
30.981,95.468,-83.146
30.981,97.829,-80.592
30.98,96.825,-82.324
30.98,96.015,-81.853
30.979,95.405,-82.99
30.978,95.376,-82.567
30.978,96.41,-80.888
30.977,94.871,-81.299
30.975,94.832,-82.273
30.973,98.996,-80.46
30.967,95.302,-82.189
30.967,96.278,-79.652
30.966,96.294,-80.959
30.966,95.201,-80.547
30.963,97.432,-80.443
30.961,96.499,-79.82
30.961,95.789,-79.302
30.96,98.521,-79.043
30.96,99.662,-78.964
30.959,97.349,-79.001
30.958,98.051,-78.722
30.954,94.715,-80.413
30.953,96.731,-78.912
30.952,95.176,-81.033
30.949,98.542,-78.402
30.947,95.85,-78.753
30.947,96.724,-78.295
30.947,99.028,-77.937
30.945,97.779,-78.309
30.944,95.486,-78.83
30.943,95.237,-78.952
30.942,96.517,-79.259
30.94,94.949,-77.876
30.938,98.305,-77.308
30.934,94.662,-78.417
30.933,96.889,-77.343
30.932,94.661,-78.636
30.932,95.933,-78.238
30.932,98.258,-77.165
30.931,95.647,-78.495
30.929,96.088,-77.03
30.925,96.4,-78.373
30.925,95.355,-78.106
30.923,97.65,-76.305
30.922,96.241,-77.873
30.921,94.593,-75.929
30.92,95.506,-77.699
30.92,95.346,-77.128
30.917,95.514,-75.585
30.911,95.806,-76.718
30.911,97.379,-75.884
30.911,96.647,-75.159
30.91,95.529,-77.332
30.91,95.914,-75.25
30.909,95.474,-74.882
30.908,95.295,-76.049
30.906,95.499,-77.359
30.905,96.549,-75.043
30.903,99.036,-74.792
30.9,95.607,-75.439
30.9,98.077,-74.601
30.899,96.482,-74.975
30.898,96.681,-74.441
30.897,95.502,-73.991
30.895,96.395,-75.677
30.895,97.528,-74.441
30.894,96.268,-74.31
30.893,95.026,-76.096
30.892,95.472,-76.048
30.892,97.602,-74.059
30.89,96.385,-74.012
30.888,95.358,-75.595
30.884,95.558,-75.626
30.881,98.341,-72.71
30.881,97.907,-72.586
30.878,98.292,-72.478
30.877,95.777,-73.502
30.876,97.637,-74.014
30.874,96.135,-72.743
30.872,96.165,-72.094
30.87,95.707,-74.523
30.868,97.735,-74.195
30.868,97.764,-71.975
30.867,94.531,-73.057
30.867,99.008,-71.782
30.865,98.841,-71.386
30.863,96.406,-73.117
30.862,95.979,-73.931
30.857,95.247,-73.389
30.857,96.315,-73.353
30.857,95.564,-73.244
30.857,95.728,-72.108
30.856,95.884,-71.529
30.856,96.367,-71.475
30.855,96.441,-72.019
30.852,98.28,-70.28
30.85,94.978,-72.077
30.849,95.857,-72.388
30.849,93.983,-71.097
30.849,98.193,-70.26
30.847,95.014,-71.606
30.843,95.837,-70.003
30.842,95.599,-72.397
30.841,96.911,-69.592
30.84,96.121,-72.316
30.84,95.607,-70.296
30.839,98.75,-69.613
30.837,96.319,-69.575
30.837,97.213,-69.155
30.836,94.48,-70.569
30.835,96.07,-71.033
30.827,95.55,-69.291
30.825,97.43,-68.696
30.824,95.95,-68.32
30.823,95.921,-68.836
30.823,97.143,-68.63
30.823,98.405,-68.16
30.816,96.218,-70.017
30.816,95.974,-68.481
30.812,96.133,-69.109
30.811,98.015,-66.947
30.81,96.762,-67.043
30.808,97.096,-67.097
30.802,95.791,-67.066
30.801,97.23,-66.202
30.799,96.64,-66.838
30.794,96.423,-65.733
30.793,96.944,-65.931
30.792,95.841,-68.233
30.789,97.259,-65.811
30.787,98.02,-65.405
30.787,96.303,-65.323
30.785,97.091,-65.533
30.785,97.754,-65.194
30.784,95.288,-66.544
30.784,95.126,-65.046
30.783,95.476,-67.326
30.783,98.309,-64.949
30.783,97.031,-64.742
30.782,94.781,-65.759
30.782,96.289,-65.635
30.782,96.098,-65.407
30.782,97.59,-64.759
30.78,98.991,-64.831
30.78,96.301,-64.489
30.779,95.886,-65.409
30.779,95.24,-64.784
30.778,95.183,-65.671
30.777,96.768,-66.825
30.777,95.827,-66.096
30.773,96.754,-66.805
30.77,99.215,-63.802
30.768,95.662,-63.616
30.767,97.076,-63.468
30.763,98.429,-63.364
30.76,95.937,-64.438
30.758,96.753,-65.541
30.753,96.594,-63.939
30.753,96.353,-62.583
30.751,96.562,-62.981
30.751,95.107,-62.927
30.751,96.037,-62.859
30.75,96.398,-64.862
30.747,96.038,-64.298
30.741,95.231,-62.305
30.74,93.913,-62.714
30.736,98.097,-61.096
30.735,95.781,-61.644
30.734,95.652,-61.036
30.731,96.053,-63.176
30.731,95.502,-62.129
30.73,97.159,-61.394
30.729,96.626,-63.194
30.725,95.301,-61.153
30.725,97.063,-60.339
30.724,95.452,-62.752
30.723,96.021,-61.397
30.72,94.613,-59.921
30.72,98.976,-59.801
30.719,95.816,-61.016
30.716,98.477,-59.702
30.714,96.125,-62.097
30.713,94.688,-59.93
30.712,96.183,-60.141
30.711,95.343,-60.521
30.71,96.461,-59.793
30.71,94.554,-59.468
30.71,98.745,-59.286
30.704,95.414,-60.525
30.703,96.033,-59.069
30.702,95.611,-60.993
30.7,96.942,-60.592
30.699,94.596,-59.455
30.696,97.623,-58.27
30.695,96.825,-60.288
30.695,97.772,-59.533
30.695,95.406,-58.098
30.694,95.776,-60.453
30.693,98.996,-57.943
30.692,96.687,-58.051
30.692,95.697,-57.956
30.689,95.726,-59.925
30.689,96.61,-57.294
30.687,96.861,-58.517
30.686,95.236,-59.598
30.684,97.4,-57.559
30.679,96.221,-57.002
30.678,95.925,-57.113
30.676,96.765,-56.416
30.675,95.769,-56.159
30.674,96.434,-56.627
30.672,98.306,-55.866
30.671,95.998,-57.749
30.671,95.136,-56.99
30.67,98.943,-55.796
30.67,97.348,-55.662
30.665,95.32,-55.929
30.659,95.615,-55.017
30.656,94.94,-56.424
30.654,97.006,-55.95
30.652,95.118,-56.242
30.651,97.013,-55.647
30.651,96.072,-55.094
30.651,95.46,-54.904
30.649,95.876,-56.198
30.649,95.824,-55.122
30.645,95.96,-54.131
30.644,96.092,-55.169
30.643,95.907,-56.37
30.637,95.713,-54.912
30.635,96.976,-54.17
30.634,96.033,-54.738
30.633,97.732,-52.988
30.632,95.176,-53.519
30.631,96.519,-53.849
30.63,97.305,-53.441
30.628,95.355,-53.898
30.627,96.972,-52.858
30.626,95.173,-53.387
30.625,94.776,-52.698
30.623,95.459,-52.168
30.622,96.259,-52.62
30.622,94.83,-52.456
30.621,96.454,-51.91
30.62,96.636,-52.364
30.619,95.393,-52.667
30.619,98.15,-51.822
30.618,95.547,-54.103
30.616,95.807,-53.304
30.613,96.45,-51.866
30.609,98.016,-51.041
30.608,98.761,-50.842
30.607,96.337,-53.608
30.605,95.325,-52.417
30.604,98.791,-50.881
30.599,94.852,-53.013
30.596,96.828,-50.515
30.591,98.841,-49.822
30.582,97.794,-48.801
30.581,95.685,-49.246
30.578,95.095,-49.899
30.578,98.455,-48.354
30.577,95.715,-48.876
30.57,95.71,-48.631
30.567,94.597,-50.32
30.565,97.353,-49.99
30.565,95.502,-48.201
30.564,96.351,-48.58
30.564,95.241,-47.576
30.562,95.968,-47.813
30.559,96.06,-49.393
30.559,98.049,-46.792
30.558,96.042,-48.856
30.556,96.395,-47.529
30.555,94.222,-47.93
30.554,97.21,-48.147
30.553,96.516,-46.946
30.552,95.47,-47.573
30.552,96.387,-46.422
30.551,96.29,-47.127
30.551,97.573,-46.768
30.549,94.808,-46.642
30.549,96.677,-46.083
30.547,96.224,-46.605
30.543,96.053,-46.294
30.542,94.759,-45.732
30.541,97.246,-45.37
30.54,96.514,-45.474
30.539,96.973,-47.917
30.539,95.876,-46.347
30.537,95.989,-46.299
30.537,95.627,-46.152
30.536,95.636,-45.803
30.535,96.412,-46.218
30.533,97.761,-44.988
30.532,95.384,-45.318
30.529,97.32,-46.919
30.527,94.752,-44.97
30.524,97.222,-44.66
30.52,95.837,-44.772
30.518,98.421,-43.76
30.515,95.366,-45.901
30.514,96.897,-43.688
30.511,97.321,-43.136
30.51,96.529,-45.478
30.51,95.076,-44.871
30.51,96.972,-43.466
30.503,97.272,-43.061
30.503,97.042,-42.753
30.503,96.08,-42.733
30.502,96.207,-43.538
30.5,95.024,-43.841
30.499,95.569,-44.912
30.499,97.199,-42.044
30.497,96.558,-43.621
30.495,95.849,-43.2
30.495,96.048,-42.822
30.494,96.3,-41.918
30.493,96.602,-41.857
30.489,95.193,-43.621
30.489,98.958,-41.479
30.485,96.778,-40.875
30.481,94.729,-41.683
30.481,97.748,-40.958
30.478,96.722,-40.411
30.475,96.218,-41.632
30.474,98.301,-40.116
30.473,94.325,-42.625
30.473,96.812,-41.129
30.472,95.322,-42.733
30.468,96.168,-42.394
30.467,94.936,-40.547
30.465,96.333,-39.902
30.462,98.096,-39.14
30.458,95.319,-39.893
30.455,97.065,-40.539
30.454,94.804,-40.6
30.453,96.105,-38.903
30.445,96.923,-39.521
30.445,94.47,-38.762
30.445,98.374,-37.769
30.444,95.259,-40.177
30.442,95.139,-38.625
30.44,95.03,-39.894
30.44,96.881,-37.918
30.439,95.689,-37.246
30.438,96.295,-39.546
30.436,97.274,-38.492
30.436,97.788,-37.008
30.436,97.805,-36.993
30.433,98.059,-37.129
30.432,95.009,-37.702
30.428,95.543,-37.202
30.426,95.383,-38.152
30.425,98.751,-36.191
30.421,94.775,-37.343
30.419,96.144,-37.294
30.418,96.948,-37.688
30.417,95.73,-36.078
30.414,95.363,-36.573
30.414,94.89,-36.515
30.413,98.808,-35.518
30.411,96.057,-35.621
30.41,96.218,-37.364
30.41,94.307,-37.306
30.41,98.151,-35.262
30.407,95.777,-35.497
30.407,96.059,-35.404
30.407,95.947,-35.343
30.403,95.302,-35.658
30.401,96.887,-36.354
30.4,96.018,-36.281
30.397,95.234,-34.439
30.393,95.835,-35.928
30.393,98.688,-33.863
30.39,95.276,-35.45
30.39,96.919,-34.14
30.389,97.319,-33.707
30.381,95.672,-32.626
30.379,96.069,-35.109
30.379,97.23,-33.343
30.379,98.33,-32.676
30.376,95.424,-32.252
30.374,96.095,-34.782
30.371,96.618,-33.279
30.37,95.99,-34.371
30.37,95.966,-32.124
30.368,97.683,-32.062
30.368,97.834,-31.656
30.367,95.148,-32.474
30.366,95.631,-32.704
30.361,96.35,-32.975
30.359,94.852,-31.853
30.356,96.398,-33.435
30.355,95.504,-31.398
30.355,95.973,-30.981
30.353,98.022,-30.407
30.352,97.145,-30.977
30.352,96.151,-30.738
30.35,94.866,-31.309
30.347,96.36,-30.633
30.346,95.538,-30.804
30.343,95.636,-32.318
30.343,95.315,-31.073
30.342,96.067,-31.425
30.341,94.857,-30.949
30.34,95.185,-30.47
30.34,95.134,-29.793
30.337,95.928,-31.48
30.337,96.526,-29.958
30.336,97.392,-29.017
30.333,98.541,-29.205
30.332,96.107,-29.872
30.33,93.908,-29.564
30.328,97.017,-30.71
30.324,96.715,-29.075
30.32,98.822,-27.738
30.317,96.478,-29.057
30.312,95.509,-27.97
30.311,95.265,-27.712
30.31,96.108,-28.33
30.31,95.712,-27.63
30.308,97.914,-26.947
30.307,96.392,-27.386
30.303,95.052,-28.271
30.303,97.089,-27.611
30.302,97.811,-26.728
30.301,95.152,-28.608
30.301,95.562,-27.958
30.299,96.511,-26.546
30.296,96.458,-26.194
30.293,96.437,-26.432
30.291,97.361,-25.493
30.289,95.377,-26.144
30.288,96.377,-26.088
30.287,95.8,-26.213
30.287,97.416,-25.689
30.284,95.583,-26.366
30.284,95.926,-25.298
30.282,96.136,-160.76
30.282,95.843,-25.131
30.281,95.315,-25.677
30.281,96.872,-24.541
30.28,96.737,-26.197
30.277,96.046,-24.729
30.276,94.503,-25.808
30.276,96.448,-25.1
30.274,96.325,-24.53
30.273,97.32,-24.171
30.272,96.42,-26.779
30.272,95.811,-23.849
30.271,95.552,-24.978
30.27,95.458,-25.274
30.265,96.993,-24.408
30.265,95.93,-23.342
30.263,96.892,-24.374
30.262,95.678,-24.99
30.259,95.84,-23.398
30.257,95.767,-24.846
30.255,96.934,-23.846
30.254,94.85,-23.475
30.253,96.247,-24.961
30.252,96.255,-23.966
30.251,94.962,-23.558
30.25,97.414,-22.679
30.248,95.966,-24.289
30.242,96.001,-23.68
30.237,93.931,-23.264
30.236,97.4,-21.046
30.235,95.965,-21.746
30.231,95.214,-21.634
30.231,97.018,-21.333
30.225,95.057,-20.253
30.224,97.426,-20.134
30.222,95.452,-20.9
30.22,96.341,-22.442
30.216,95.589,-20.029
30.216,96.239,-19.512
30.214,95.798,-21.194
30.212,95.316,-19.51
30.212,95.526,-19.4
30.212,98.24,-19.155
30.207,94.726,-20.069
30.206,96.667,-19.358
30.204,96.711,-19.632
30.204,97.885,-18.498
30.203,97.07,-18.855
30.202,95.928,-19.297
30.195,96.302,-17.932
30.194,98.116,-17.971
30.193,95.402,-20.1
30.192,96.946,-20.185
30.187,96.23,-18.609
30.185,96.117,-19.625
30.184,95.929,-18.193
30.184,97.361,-17.417
30.183,96.503,-17.473
30.18,96.039,-18.666
30.177,96.81,-17.098
30.177,95.862,-16.713
30.176,95.79,-17.885
30.175,96.784,-17.371
30.174,96.049,-18.585
30.173,95.329,-17.514
30.171,96.614,-16.431
30.169,96.167,-18.004
30.169,95.836,-15.99
30.168,97.675,-17.665
30.166,97.208,-17.878
30.165,96.756,-15.888
30.165,97.122,-15.802
30.163,96.538,-17.806
30.162,94.503,-17.635
30.161,95.114,-15.411
30.159,95.47,-15.629
30.158,97.155,-15.618
30.157,96.256,-17.067
30.157,95.651,-15.369
30.156,96.758,-16.869
30.156,95.516,-14.71
30.155,97.556,-14.86
30.154,96.253,-15.976
30.154,95.451,-14.837
30.153,95.958,-16.762
30.153,94.64,-16.753
30.149,96.481,-16.716
30.147,95.344,-15.751
30.147,98.582,-14.374
30.145,97.882,-13.818
30.142,96.209,-13.529
30.141,96.894,-14.157
30.14,96.487,-13.885
30.14,97.274,-13.49
30.14,98.602,-13.436
30.14,98.121,-13.304
30.139,96.5,-13.274
30.136,96.489,-14.877
30.136,95.733,-14.721
30.136,96.808,-14.251
30.135,97.205,-14.971
30.135,95.074,-14.476
30.132,97.819,-13.018
30.132,96.816,-12.695
30.131,98.712,-12.936
30.13,95.786,-13.901
30.128,97.288,-12.459
30.127,96.297,-12.847
30.126,97.025,-12.346
30.125,95.326,-13.116
30.124,95.666,-13.877
30.124,97.369,-13.079
30.123,96.179,-12.853
30.117,95.936,-14.072
30.112,96.282,-13.663
30.108,96.613,-12.903
30.108,98.677,-11.132
30.108,98.24,-11.022
30.107,97.733,-10.812
30.105,94.445,-11.954
30.105,96.113,-10.788
30.104,96.065,-13.17
30.104,97.324,-10.834
30.103,95.309,-12.982
30.103,97.121,-10.974
30.101,95.188,-11.075
30.1,95.849,-12.137
30.095,95.617,-12.136
30.092,96.41,-12.073
30.092,96.728,-11.984
30.091,96.106,-10.327
30.09,96.23,-10.142
30.09,98.286,-9.7971
30.087,95.745,-9.8395
30.083,96.772,-9.4734
30.082,99.273,-8.6452
30.079,96.609,-8.4243
30.077,95.68,-8.9857
30.077,94.98,-8.7138
30.075,98.603,-8.4591
30.074,96.37,-9.2135
30.074,96.725,-9.0292
30.073,95.984,-8.5579
30.071,96.267,-8.4983
30.07,96.158,-9.8554
30.069,96.149,-8.6694
30.066,98.22,-7.4395
30.064,96.491,11500.1724
30.063,95.755,-9.9899
30.063,96.458,-8.9881
30.063,95.4,-8.4292
30.061,96.719,-8.7007
30.061,95.214,-7.7923
30.061,96.763,-7.0715
30.06,95.265,-7.9049
30.058,95.76,-7.6256
30.058,96.646,-7.2335
30.057,96.654,-7.4104
30.056,97.294,-7.7054
30.055,96.153,-9.0707
30.052,95.582,-8.3641
30.051,96.731,-7.4282
30.05,96.138,-8.4623
30.05,96.579,-6.5169
30.048,96.136,-7.1656
30.046,98.575,-5.8595
30.045,95.919,-6.4107
30.044,95.256,-7.0718
30.038,95.873,-6.4112
30.038,98.874,-5.3816
30.036,96.373,-6.0842
30.035,95.95,-5.2523
30.033,94.615,-7.4447
30.03,94.831,-7.0857
30.028,95.416,-6.703
30.028,94.875,-6.2867
30.026,95.457,-6.7479
30.026,95.695,-5.0606
30.024,96.314,-4.0334
30.018,98.02,-3.7788
30.016,96.35,-5.3576
30.016,96.314,-3.6552
30.014,98.294,-3.4577
30.013,96.999,-3.7937
30.008,96.342,-3.091
29.996,96.345,-2.0864
29.992,96.933,-1.4457
29.991,97.335,-1.4476
29.989,96.862,-1.9999
29.987,96.105,-3.0295
29.983,96.108,-2.0869
29.983,95.578,-1.755
29.982,95.517,-3.4207
29.977,96.189,-3.0076
29.975,96.123,-0.92408
29.975,97.294,-0.35333
29.974,96.259,-1.4458
29.973,95.521,-0.56541
29.969,98.27,0.04519
29.968,96.996,0.34632
29.966,96.296,-2.4209
29.966,97.081,-0.29307
29.962,95.747,-0.64765
29.962,96.019,-0.28492
29.962,98.364,0.58615
29.959,97.358,0.6866
29.957,96.773,-0.2638
29.956,97.098,-0.27571
29.954,96.168,0.80935
29.951,95.432,-0.36079
29.95,95.521,-0.07038
29.949,95.826,1.2387
29.947,95.575,1.8214
29.944,98.358,2.0473
29.943,95.652,0.31294
29.941,95.244,1.2662
29.941,96.41,1.9655
29.941,98.245,2.3345
29.939,96.898,2.5516
29.937,98.488,2.8811
29.935,95.817,2.4453
29.935,98.475,3.1062
29.932,98.198,1.6617
29.932,95.548,1.7712
29.931,95.116,2.6625
29.931,98.962,3.2994
29.928,96.174,0.92773
29.928,98.995,3.6602
29.926,96.359,1.2683
29.926,95.839,3.4777
29.925,95.253,2.8502
29.925,96.213,3.6127
29.923,95.516,2.7742
29.92,98.609,4.2972
29.919,95.743,2.2226
29.919,81.719,3.3565
29.916,95.277,3.5177
29.916,96.307,4.0173
29.914,95.357,2.9905
29.912,94.702,4.5214
29.909,94.901,3.9516
29.909,97.352,4.8197
29.908,96.177,2.9671
29.908,95.889,3.3447
29.906,95.272,3.3453
29.904,98.41,5.0977
29.902,96.935,4.6729
29.901,96.79,3.448
29.899,96.769,3.0825
29.899,95.299,3.1183
29.898,97.679,5.672
29.897,95.375,5.4235
29.896,95.866,3.6351
29.896,96.067,5.812
29.895,95.811,6.1909
29.893,96.856,4.0552
29.892,96.23,5.6489
29.888,97.955,6.7928
29.886,95.445,5.2322
29.882,97.48,6.9966
29.881,95.421,6.3677
29.88,94.923,4.7548
29.88,95.453,5.1215
29.879,95.65,7.2168
29.879,97.955,7.3247
29.877,98.687,7.6211
29.876,98.029,7.311
29.875,96.607,7.7151
29.871,95.893,6.7278
29.871,96.557,7.2631
29.871,96.233,7.2923
29.87,96.741,8.3332
29.868,96.49,8.2318
29.865,97.595,8.5955
29.864,96.035,7.6929
29.862,95.891,7.1492
29.859,96.006,7.438
29.859,94.591,8.1056
29.858,98.45,8.9168
29.856,96.293,8.9461
29.852,97.355,9.2351
29.85,95.571,8.9775
29.849,96.584,9.4108
29.848,93.854,9.0156
29.845,96.5,9.5586
29.845,97.144,9.7089
29.843,96.11,10.251
29.841,94.856,9.9772
29.839,96.291,10.5
29.836,95.853,9.5895
29.836,97.401,10.534
29.835,96.126,9.7598
29.834,99.097,11.096
29.833,95.032,8.8293
29.827,98.575,11.477
29.826,95.918,9.2093
29.822,95.551,9.3983
29.818,95.142,11.066
29.817,96.015,11.646
29.817,96.509,11.781
29.817,98.074,12.264
29.812,94.711,10.726
29.811,95.541,11.911
29.811,95.41,11.945
29.807,95.43,10.719
29.807,96.346,11.602
29.805,97.009,12.604
29.805,95.737,13.17
29.804,97.017,11.79
29.803,96.058,12.145
29.803,98.648,13.582
29.802,96.149,11.11
29.801,98.195,13.706
29.799,97.664,13.881
29.796,96.558,11.546
29.796,96.37,12.165
29.795,95.043,11.383
29.79,95.433,14.336
29.789,95.676,13.792
29.785,95.866,12.289
29.782,96.312,15.248
29.781,95.672,14.666
29.781,96.734,15.301
29.78,95.215,14.563
29.779,95.696,14.369
29.778,97.261,13.954
29.775,96.687,14.449
29.775,95.768,15.385
29.775,97.993,15.761
29.773,96.167,15.157
29.773,98.046,15.692
29.771,96.271,13.838
29.77,96.129,14.158
29.767,95.985,14.555
29.767,98.687,16.437
29.766,96.648,16.139
29.764,95.773,15.738
29.758,96.813,15.44
29.757,94.147,15.964
29.757,97.857,16.833
29.755,95.859,16.883
29.754,97.806,17.591
29.752,96.289,15.04
29.748,97.935,15.994
29.747,95.76,17.385
29.746,96.961,18.026
29.745,94.949,16.368
29.745,96.876,17.715
29.743,96.348,15.865
29.743,96.291,16.513
29.743,96.088,18.161
29.741,95.972,15.72
29.738,96.139,17.827
29.738,96.948,17.955
29.737,95.741,16.569
29.737,96.844,17.584
29.736,94.804,18.261
29.735,97.249,18.783
29.734,96.622,18.693
29.732,94.902,17.335
29.731,98.315,18.979
29.728,98.727,19.667
29.727,96.659,17.472
29.726,94.615,18.916
29.726,96.707,19.046
29.723,96.47,19.672
29.722,96.394,17.579
29.722,96.396,19.898
29.718,96.228,17.442
29.717,96.435,17.695
29.717,99.127,20.519
29.716,96.613,18.127
29.716,98.375,20.556
29.715,95.247,18.965
29.714,96.633,19.89
29.714,94.529,20.206
29.713,96.558,19.691
29.709,94.734,20.249
29.707,96.713,18.853
29.707,96.088,20.803
29.705,95.739,20.867
29.699,95.682,19.58
29.698,95.929,20.082
29.695,95.638,21.454
29.693,96.788,22.107
29.692,96.7,20.965
29.692,96.852,22.076
29.692,97.767,22.087
29.691,98.493,22.267
29.69,95.239,19.935
29.687,95.978,22.072
29.686,95.357,20.472
29.686,94.965,20.514
29.686,95.445,22.114
29.684,98.288,23.176
29.682,94.393,21.131
29.682,95.946,22.077
29.681,97.308,21.41
29.677,96.5,23.587
29.675,97.143,23.273
29.674,96.94,23.048
29.673,96.819,23.746
29.67,96.384,23.057
29.67,97.95,24.291
29.669,95.816,21.838
29.669,98.101,24.129
29.667,97.031,22.215
29.667,97.281,23.015
29.666,98.096,24.552
29.665,95.73,23.925
29.662,97.186,23.472
29.661,94.433,22.033
29.66,97.135,24.748
29.658,95.682,22.828
29.658,96.773,25.083
29.658,98.431,25.16
29.657,95.053,25.097
29.656,95.683,25.369
29.653,97.138,24.536
29.652,96.493,23.869
29.647,96.851,25.558
29.647,96.488,25.638
29.646,96.389,24.287
29.642,95.986,25.892
29.641,97.126,24.162
29.641,94.708,25.011
29.638,99.118,26.731
29.634,96.076,26.159
29.633,98.877,27.127
29.632,96.467,27.144
29.628,96.07,25.02
29.628,95.086,25.558
29.628,97.316,25.831
29.627,97.137,25.393
29.626,95.902,26.202
29.626,95.88,27.545
29.626,97.815,27.593
29.625,97.248,27.293
29.625,97.783,27.489
29.622,94.387,25.239
29.622,96.597,25.322
29.619,95.278,25.636
29.616,96.678,26.097
29.616,96.278,28.383
29.614,96.603,28.616
29.614,94.707,28.661
29.613,95.501,26.099
29.612,94.936,27.836
29.608,97.035,27.83
29.607,96.394,28.643
29.607,96.784,29.255
29.605,95.169,28.859
29.605,97.037,29.2
29.604,96.042,29.548
29.603,95.705,28.412
29.603,96.591,29.584
29.6,96.276,28.053
29.6,99.073,29.784
29.598,96.772,29.925
29.592,95.074,30.178
29.591,96.719,29.723
29.591,96.723,29.788
29.588,95.256,29.822
29.587,96.999,30.641
29.584,96.333,31.092
29.584,98.583,31.156
29.582,96.034,30.865
29.581,98.146,31.162
29.579,97.573,31.555
29.576,95.801,30.432
29.576,96.505,31.515
29.576,97.376,31.753
29.575,96.874,31.013
29.575,97.597,31.443
29.574,95.806,29.253
29.574,95.325,31.004
29.573,95.527,31.833
29.572,96.723,31.181
29.571,95.026,31.813
29.571,98.867,32.094
29.566,94.965,29.857
29.564,96.361,30.251
29.563,97.555,31.563
29.561,95.702,32.26
29.56,95.922,33.004
29.558,96.409,32.719
29.556,95.848,32.439
29.556,96.294,32.694
29.552,95.056,31.774
29.552,96.074,33.639
29.549,96.263,33.227
29.547,98.346,33.797
29.546,97.413,34.073
29.545,96.215,32.566
29.542,94.243,32.127
29.542,97.607,34.269
29.541,96.372,31.851
29.54,96.609,33.446
29.539,96.825,34.2
29.538,96.868,34.215
29.538,95.443,34.659
29.538,96.343,34.79
29.537,97.504,34.501
29.535,95.808,32.536
29.534,96.921,34.575
29.534,96.483,35.084
29.53,97.528,35.252
29.527,95.493,34.001
29.521,95.141,34.066
29.521,96.515,34.863
29.521,95.556,35.4
29.52,95.896,34.629
29.52,98.019,35.911
29.519,95.8,36.057
29.519,95.831,36.349
29.515,99.301,36.593
29.514,94.919,11560.215
29.512,96.404,34.153
29.511,94.926,35.57
29.511,94.591,35.949
29.509,96.943,35.706
29.508,97.059,35.175
29.508,96.811,36.375
29.508,98.986,37.129
29.507,94.948,36.776
29.501,95.426,37.48
29.499,95.956,35.026
29.499,96.959,36.737
29.499,96.652,37.324
29.497,96.048,36.065
29.495,96.662,37.718
29.493,95.387,38.347
29.492,97.391,38.119
29.491,95.164,38.023
29.487,96.137,38.825
29.485,96.33,37.057
29.484,97.137,39.126
29.48,96.056,36.68
29.479,98.031,39.573
29.477,96.581,37.312
29.475,95.491,37.276
29.474,96.734,37.246
29.473,96.387,38.068
29.469,97.931,40.138
29.467,96.473,38.066
29.467,96.513,39.433
29.467,95.123,39.475
29.467,96.786,40.203
29.46,94.971,40.522
29.459,94.905,41.024
29.458,95.252,39.858
29.456,98.582,41.226
29.456,97.442,41.347
29.451,95.027,41.405
29.45,95.82,40.886
29.447,98.886,42.054
29.444,97.473,41.695
29.443,96.186,40.142
29.442,95.713,40.862
29.442,96.055,42.289
29.435,95.209,42.569
29.433,96.126,40.588
29.432,97.053,41.188
29.429,95.339,41.447
29.425,97.884,43.405
29.425,96.404,43.796
29.423,95.305,41.554
29.423,98.491,43.933
29.42,95.475,42.753
29.419,96.724,42.062
29.416,96.935,44.538
29.415,96.319,44.638
29.411,96.252,43.77
29.411,97.238,44.522
29.408,96.291,44.666
29.406,96.305,43.011
29.402,96.092,45.678
29.402,97.472,45.738
29.399,98.168,45.996
29.398,97.078,43.388
29.392,95.601,43.786
29.39,96.664,44.345
29.39,94.31,45.655
29.388,97.193,46.109
29.387,95.672,44.405
29.387,95.308,44.745
29.387,97.449,45.806
29.386,96.608,46.728
29.385,96.954,45.787
29.384,96.524,46.358
29.382,96.747,46.912
29.379,94.672,46.67
29.379,96.28,46.834
29.377,96.042,46.396
29.377,97.112,47.398
29.37,94.493,46.546
29.368,95.268,48.116
29.367,96.581,48.478
29.356,94.858,46.663
29.356,95.671,47.672
29.356,94.602,47.988
29.356,95.98,49.104
29.354,96.804,49.078
29.353,95.119,48.143
29.353,96.905,49.622
29.352,96.082,49.55
29.352,98.157,49.605
29.351,96.595,48.103
29.351,95.781,49.352
29.35,95.914,49.163
29.35,95.908,49.436
29.348,94.925,48.642
29.347,96.89,49.695
29.344,95.37,48.689
29.344,96.362,49.528
29.342,95.357,48.218
29.337,96.908,50.504
29.336,96.382,48.86
29.334,96.572,50.934
29.334,96.985,51.045
29.333,96.753,50.956
29.332,97.845,50.843
29.331,95.031,51.123
29.325,93.95,50.34
29.325,96.429,51.683
29.324,96.628,50.616
29.323,97.376,51.968
29.322,96.225,50.941
29.322,94.024,51.499
29.322,95.842,51.501
29.317,94.378,50.391
29.316,95.486,50.994
29.315,95.47,49.792
29.314,95.465,52.317
29.313,95.513,51.843
29.312,96.654,51.259
29.309,96.285,51.933
29.308,95.459,52.386
29.306,96.31,53.274
29.306,96.584,53.411
29.305,95.291,51.316
29.303,94.754,50.843
29.302,96.43,52.628
29.302,95.433,53.402
29.301,94.856,52.731
29.301,97.868,53.653
29.298,98.149,52.414
29.298,96.852,53.149
29.297,95.138,53.788
29.295,95.251,53.244
29.295,96.884,53.669
29.294,96.845,53.848
29.293,97.014,53.023
29.293,95.003,53.03
29.292,95.214,11560.215
29.292,95.108,53.929
29.291,96.28,52.083
29.288,96.605,53.401
29.288,97.773,54.549
29.286,95.8,53.451
29.286,96.172,54.412
29.286,96.092,54.586
29.285,95.982,53.113
29.282,96.493,55.039
29.28,95.615,53.045
29.277,96.568,55.113
29.273,96.899,53.77
29.273,94.477,54.961
29.273,97.015,55.951
29.27,95.954,54.691
29.27,96.809,55.392
29.269,95.61,55.133
29.269,95.791,55.505
29.266,96.72,54.514
29.266,95.717,55.972
29.263,94.075,55.658
29.263,96.485,56.408
29.263,96.346,56.617
29.263,97.54,56.667
29.262,96.246,55.027
29.252,96.694,57.149
29.251,97.709,57.65
29.25,96.733,57.594
29.245,97.952,56.467
29.244,97.077,57.891
29.241,94.83,56.204
29.24,98.101,56.616
29.235,96.069,58.518
29.229,95.933,59.121
29.221,96.415,57.845
29.221,96.347,59.166
29.22,96.021,58.271
29.219,95.452,59.733
29.217,98.477,57.866
29.217,95.658,60.473
29.216,96.181,59.894
29.216,96.845,59.983
29.214,96.48,57.91
29.213,95.409,59.126
29.212,96.653,58.267
29.212,97.245,59.593
29.211,94.914,59.855
29.208,96.122,59.836
29.208,97.948,61.175
29.207,96.912,61.211
29.205,95.969,59.518
29.204,94.764,61.493
29.203,99.086,61.528
29.203,94.931,11410.024
29.201,97.553,61.53
29.199,94.452,11550.524
29.198,95.923,59.669
29.197,94.946,60.556
29.193,97.232,59.512
29.192,94.29,61.765
29.187,95.851,61.319
29.187,95.318,62.004
29.187,95.161,62.145
29.187,97.011,62.487
29.187,98.177,62.703
29.183,94.985,62.327
29.179,97.147,61.122
29.176,95.814,62.431
29.175,95.266,62.493
29.174,96.3,61.688
29.172,98.065,63.877
29.171,94.924,63.595
29.17,94.692,63.834
29.169,95.469,61.841
29.168,97.926,63.946
29.168,98.085,64.424
29.167,96.963,64.516
29.166,95.458,63.661
29.165,97.672,63.234
29.16,95.814,63.016
29.154,98.33,65.062
29.152,96.72,62.75
29.151,95.533,65.519
29.149,95.499,64.231
29.145,96.118,65.459
29.145,97.884,65.809
29.139,97.275,64.738
29.139,95.737,65.072
29.136,96.618,64.727
29.134,96.097,64.321
29.131,95.968,66.723
29.13,96.483,65.065
29.127,98.099,67.251
29.126,96.418,67.372
29.123,96.252,65.675
29.122,95.373,67.933
29.122,95.674,67.935
29.121,95.222,67.154
29.12,95.27,66.881
29.12,95.663,67.011
29.12,95.905,67.527
29.115,98.736,68.62
29.114,94.834,67.198
29.112,96.348,66.994
29.112,95.269,67.331
29.108,96.545,67.376
29.105,96.347,66.635
29.103,96.571,69.378
29.102,97.186,67.263
29.099,94.911,68.895
29.097,96.748,70.008
29.096,95.656,69.374
29.093,94.36,69.871
29.092,94.157,67.639
29.092,96.837,70.045
29.091,96.717,69.58
29.089,94.36,70.337
29.088,96.775,70.667
29.087,95.81,68.255
29.085,96.047,68.188
29.084,97.457,71.173
29.083,96.855,68.987
29.083,96.985,70.921
29.08,94.548,68.497
29.077,96.526,69.585
29.077,96.338,70.964
29.075,95.912,69.997
29.074,97.969,72.008
29.073,97.256,69.191
29.072,95.025,70.728
29.069,95.376,69.77
29.069,96.335,72.289
29.068,97.738,72.454
29.067,94.551,71.77
29.065,95.261,71.909
29.063,95.525,71.808
29.062,96.73,71.257
29.061,97.795,73.054
29.06,97.288,72.407
29.057,97.963,70.843
29.049,95.46,71.789
29.049,96.382,73.28
29.046,97.233,72.024
29.046,96.112,72.732
29.045,95.988,71.873
29.044,95.238,73.736
29.044,97.144,74.339
29.043,97.098,74.022
29.039,97.268,73.451
29.038,95.261,73.789
29.037,96.235,72.266
29.037,95.387,74.906
29.036,96.221,74.61
29.035,96.702,75.036
29.034,95.838,72.689
29.033,95.491,73.442
29.031,95.804,75.141
29.03,96.223,75.483
29.029,96.251,72.76
29.025,96.944,73.586
29.024,96.974,75.082
29.024,98.136,75.59
29.023,96.717,75.954
29.021,94.655,74.226
29.017,94.899,73.596
29.017,96.771,74.189
29.012,96.068,75.586
29.008,95.033,76
29.007,96.655,76.917
29.005,97.978,77.156
29.002,96.658,74.928
29.002,113.532,77.277
28.997,96.107,76.017
28.995,95.058,76.697
28.993,99.29,78.401
28.992,96.552,76.784
28.99,98.163,78.339
28.985,95.066,76.554
28.985,96.696,78.999
28.981,97.138,77.632
28.979,96.846,76.924
28.977,97.059,79.032
28.974,97.037,79.41
28.973,95.83,80.083
28.968,96.23,78.708
28.964,95.53,77.841
28.964,96.87,79.114
28.963,96.695,80.657
28.958,95.873,78.539
28.957,96.378,79.776
28.957,95.726,81.136
28.956,96.937,81.171
28.953,96.332,80.471
28.95,96.413,80.515
28.948,96.032,81.312
28.946,96.451,79.731
28.945,96.888,80.779
28.944,97.274,80.912
28.943,95.857,80.937
28.941,95.866,80.526
28.939,96.298,80.627
28.938,94.922,82.107
28.938,95.71,82.274
28.934,94.245,82.117
28.933,98.881,83.029
28.929,95.363,82.98
28.927,95.897,81.924
28.927,97.414,83.748
28.92,95.839,83.712
28.92,94.764,83.964
28.917,96.16,84.047
28.91,96.924,84.966
28.907,95.36,82.787
28.907,94.874,85.085
28.905,94.113,84.296
28.903,95.887,85.55
28.902,96.636,84.106
28.902,95.206,84.168
28.901,96.259,85.637
28.892,96.71,84.169
28.891,96.924,85.952
28.89,95.437,86.547
28.888,94.856,85.936
28.887,94.623,86.385
28.885,96.848,85.738
28.884,94.55,85.22
28.883,95.062,86.558
28.882,96.754,87.026
28.879,96.474,86.306
28.876,95.317,86.067
28.875,95.124,85.322
28.875,95.311,86.608
28.875,96.53,87.566
28.873,95.71,86.163
28.87,96.833,87.367
28.869,94.357,85.594
28.869,95.867,86.076
28.868,95.795,85.862
28.868,95.925,87.397
28.867,96.018,85.725
28.866,95.226,87.726
28.862,95.019,88.212
28.859,96.514,88.126
28.858,95.105,87.635
28.857,96.316,88.43
28.855,96.595,86.652
28.853,97.794,89.393
28.853,95.716,89.436
28.851,97.108,86.966
28.849,96.443,89.912
28.848,96.11,89.344
28.847,95.67,87.606
28.84,96.655,90.43
28.839,96.405,89.678
28.838,96.23,88.387
28.837,95.288,88.932
28.837,96.282,89.267
28.835,95.558,88.736
28.833,93.717,88.46
28.831,95.452,89.703
28.83,95.57,91.262
28.828,95.624,91.457
28.827,94.736,91.491
28.827,96.033,91.686
28.826,96.685,89.974
28.826,97.828,90.557
28.825,97.806,90.201
28.825,95.886,91.642
28.824,95.322,90.512
28.823,97.074,91.634
28.822,95.182,89.921
28.818,95.518,90.648
28.818,95.537,91.278
28.818,95.949,91.776
28.817,94.873,92.224
28.816,94.787,92.131
28.815,95.184,89.719
28.814,96.841,92.484
28.813,95.533,91.395
28.811,96.376,92.617
28.808,96.85,92.34
28.806,95.921,92.222
28.803,96.545,90.723
28.803,96.965,92.145
28.796,94.911,93.797
28.794,94.14,94.294
28.781,95.904,93.178
28.781,96.78,94.301
28.779,95.87,95.359
28.778,94.769,93.505
28.778,95.982,95.367
28.777,105.987,93.949
28.777,96.972,94.872
28.776,95.138,95.509
28.774,96.954,95.668
28.769,96.268,95.672
28.766,95.711,94.624
28.763,96.54,95.792
28.762,94.787,94.959
28.761,95.296,96.405
28.752,96.416,96.47
28.751,96.809,97.316
28.747,95.525,96.706
28.746,95.872,96.277
28.744,95.55,95.637
28.736,95.639,97.785
28.735,95.11,98.328
28.732,95.647,97.922
28.723,94.828,98.396
28.723,95.991,99.956
28.72,96.579,97.386
28.72,95.155,97.844
28.719,96.933,100.14
28.714,95.549,98.575
28.7,94.756,100.1
28.697,96.962,101.72
28.697,95.554,102.1
28.693,97.118,100.34
28.692,95.487,99.769
28.691,94.988,101.98
28.69,96.237,101.43
28.686,96.377,102.72
28.684,95.797,100.74
28.684,95.935,100.93
28.684,96.473,103.15
28.683,96.99,100.22
28.683,96.392,101.64
28.681,96.957,101.89
28.681,95.469,103.36
28.677,95.397,102.29
28.677,95.123,102.98
28.676,96.676,102.74
28.675,96.46,103.81
28.674,96.665,102.47
28.67,95.898,102.98
28.669,95.665,102.25
28.668,95.029,103.55
28.664,96.404,101.92
28.663,97.214,104.43
28.661,96.778,103.3
28.66,95.267,102.13
28.651,95.118,105.73
28.648,95.166,105.87
28.643,95.252,105.29
28.638,95.794,104.07
28.638,95.283,105.31
28.638,88.541,106.19
28.637,97.171,106.75
28.635,95.481,104.17
28.632,95.341,106.59
28.631,94.805,105.64
28.63,96.091,105.91
28.626,94.838,106.43
28.624,96.619,107.21
28.621,96.425,106.96
28.618,96.946,107.91
28.617,97.262,107.04
28.616,94.654,105.84
28.615,95.301,107.09
28.614,97.075,108.77
28.612,96.704,108.33
28.609,95.518,106.24
28.607,97.691,109.09
28.604,95.856,108.22
28.604,95.465,109.47
28.6,95.599,107.03
28.599,95.679,108.8
28.596,94.802,109.78
28.586,96.781,109.34
28.585,94.841,110.83
28.582,95.042,108.61
28.579,94.532,108.65
28.579,96.225,111.39
28.577,95.185,109.57
28.57,94.997,111.12
28.565,97.17,112.26
28.564,95.278,110.95
28.564,96.261,111.16
28.561,96.991,112.94
28.56,96.249,111.66
28.56,96.408,112.64
28.559,97.326,111.69
28.559,95.825,112.01
28.559,95.768,112.84
28.554,95.873,110.83
28.554,96.134,110.9
28.554,96.269,113.19
28.553,96.059,111.98
28.553,94.814,113.57
28.547,96.754,113.77
28.544,95.976,113.74
28.542,96.582,112.84
28.542,96.144,113.55
28.542,96.344,114.05
28.537,96.007,114.24
28.535,97.223,114.67
28.533,97.54,114.58
28.533,97.898,114.69
28.532,94.647,114.39
28.527,95.964,114.37
28.526,96.348,112.91
28.526,94.982,115.5
28.525,94.585,113.46
28.524,96.057,113.74
28.523,94.37,114.68
28.521,96.036,115.02
28.517,96.262,116.04
28.516,96.163,115.95
28.514,95.389,114.55
28.51,94.726,114.35
28.509,96.753,117.14
28.508,97.488,116.82
28.505,95.749,115.52
28.504,95.204,114.59
28.501,95.637,116.87
28.5,95.601,116.95
28.499,95.452,116.22
28.497,95.067,115.7
28.497,97.319,117.51
28.496,95.676,116.01
28.493,95.64,116.63
28.493,95.658,116.69
28.483,97.003,118.68
28.476,95.51,116.83
28.476,96.461,117.31
28.475,95.846,119.02
28.473,96.642,119.66
28.468,96.305,119.1
28.466,96.627,118.81
28.466,95.698,119.21
28.463,94.524,118.06
28.462,94.609,119.39
28.459,96.573,119.5
28.459,96.085,120.02
28.459,95.944,120.84
28.457,96.071,120.07
28.45,95.701,120.68
28.45,96.694,121.66
28.448,96.601,121.59
28.447,96.362,120.19
28.445,94.954,119.36
28.444,95.246,121.42
28.443,95.937,120.21
28.436,95.822,120.09
28.436,94.435,120.86
28.435,95.642,122.98
28.434,96.414,121.77
28.43,96.534,123.01
28.425,95.61,120.93
28.424,95.349,122.57
28.423,95.162,122.64
28.423,96.318,123.1
28.421,96.726,123.5
28.42,94.857,121.39
28.419,95.403,122.1
28.419,96.129,124.29
28.417,96.44,124.19
28.408,96.126,122.83
28.406,95.733,122.48
28.406,94.114,124.27
28.406,95.146,124.32
28.401,95.272,123.05
28.389,95.064,124.8
28.388,94.899,124.06
28.386,95.487,124.24
28.384,95.066,125.19
28.384,97.427,127
28.382,96.204,126.94
28.378,96.823,127.21
28.375,96.259,124.84
28.372,96.438,127.85
28.369,94.319,127.25
28.368,96.875,128.4
28.366,98.103,128.32
28.361,94.976,127.28
28.361,95.682,128.07
28.36,94.985,127.72
28.36,96.378,128.91
28.358,94.328,127.33
28.357,95.566,126.36
28.356,94.774,128.5
28.354,94.95,126.82
28.35,96.654,129.85
28.349,97.248,128.12
28.347,96.86,129.81
28.345,97.09,129.66
28.344,97.496,129.81
28.342,95.81,130.5
28.336,96.27,130.9
28.334,96.489,130.34
28.333,96.995,130.27
28.333,96.564,130.67
28.332,95,131.22
28.33,95.35,129.32
28.33,96.062,131.44
28.321,94.68,130.66
28.321,98.433,132.05
28.32,95.672,11350.69
28.316,95.6,132.3
28.313,96.264,131.56
28.311,95.679,131.28
28.307,94.511,131.74
28.306,96.573,131.65
28.306,95.41,132.96
28.301,96.239,131.55
28.296,97.175,133.1
28.292,94.36,131.93
28.29,96.504,133.43
28.289,95.448,133.71
28.287,95.272,131.98
28.282,96.183,134.45
28.28,98.377,133.65
28.277,96.988,135.23
28.27,95.054,133.34
28.266,95.951,135.77
28.264,96.133,135.89
28.26,95.549,135.33
28.256,96.331,135.98
28.254,95.819,135.81
28.253,95.74,136.63
28.252,97.01,136.47
28.251,97.244,137.6
28.245,94.491,137.03
28.245,94.147,137.4
28.242,94.264,136.79
28.241,95.944,136.76
28.24,95.991,138.32
28.236,95.885,137.64
28.236,95.392,137.98
28.234,96.159,137
28.234,96.03,137.62
28.233,95.959,138.45
28.232,96.458,139.16
28.23,94.73,138.26
28.229,96.368,138.63
28.228,93.94,138.39
28.224,96.949,139.25
28.223,97.035,139.24
28.221,96.117,139.98
28.216,95.606,140.56
28.212,94.605,138.78
28.204,94.942,140.46
28.203,96.141,140.18
28.2,96.025,139.11
28.199,96.166,140.23
28.194,94.819,142.08
28.187,96.129,140.25
28.187,96.717,141.98
28.186,95.301,141.95
28.184,95.851,141.38
28.178,96.596,141.9
28.178,96.274,142.21
28.178,97.395,142.57
28.175,97.686,143.68
28.166,95.824,143.35
28.165,95.273,141.98
28.164,96.438,143.71
28.158,96.566,144.15
28.143,95.337,144.88
28.143,95.009,145.58
28.142,96.558,146.44
28.137,95.812,146.76
28.136,94.727,145.78
28.135,95.149,146.76
28.133,96.319,144.83
28.131,97.356,147.24
28.13,93.783,146.86
28.121,96.765,148.11
28.117,96.778,146.89
28.113,96.426,148.1
28.11,94.622,147.34
28.107,94.758,146.37
28.1,96.944,149.77
28.097,95.159,148.28
28.096,96.061,147.67
28.092,96.066,147.91
28.09,94.546,150.64
28.085,95.668,149.5
28.085,95.278,150.33
28.075,95.189,151.3
28.073,96.559,151.5
28.071,95.7,150.45
28.066,97.074,152.51
28.062,97.515,152.36
28.058,96.104,152.19
28.055,95.951,152.32
28.051,96.733,153.8
28.044,97.167,154.19
28.043,97.66,154.26
28.039,96.216,152.81
28.038,96.514,154.01
28.033,97.102,155.09
28.031,96.272,154.85
28.029,95.43,154.08
28.028,96.162,154.03
28.025,95.066,154.68
28.023,95.439,154.98
28.023,96.018,155.18
28.022,95.888,155.98
28.017,96.273,154.78
28.016,94.242,155.34
28.014,95.465,153.76
28.013,96.196,154.89
28.012,96.477,156.89
28.009,93.957,156.44
28.006,94.914,154.46
28.002,95.211,157.26
27.999,96.385,155.03
27.999,94.07,156.77
27.998,96.782,158.03
27.997,96.594,156.13
27.997,94.284,157.67
27.994,96.73,155.33
27.993,96.622,158.4
27.987,95.203,156.94
27.982,94.955,159.01
27.981,93.88,157.49
27.977,95.543,158.18
27.976,96.346,158.67
27.976,94.261,159.36
27.965,94.216,157.73
27.961,96.061,160.21
27.951,96.14,159.83
27.944,93.832,161.29
27.943,95.851,160.67
27.94,94.841,161.6
27.935,95.949,162.05
27.93,96.452,162.38
27.922,95.553,163.96
27.906,96.325,163.82
27.903,94.736,163.43
27.903,94.347,163.68
27.9,96.311,164.15
27.897,96.709,165.46
27.893,95.629,164.62
27.888,95.871,166.14
27.886,94.923,166.7
27.886,96.734,166.98
27.88,95.339,164.48
27.878,95.057,166.3
27.876,95.684,165.79
27.876,97.545,166.75
27.873,94.394,167.42
27.868,97.394,168.25
27.867,95.78,167.51
27.865,95.101,167.09
27.865,94.154,167.62
27.862,95.693,166.5
27.861,96.931,168.11
27.861,94.721,168.11
27.861,94.643,168.25
27.859,95.745,169.08
27.854,95.337,167.18
27.854,95.437,168.37
27.849,96.225,169.57
27.846,95.843,169.5
27.846,95.624,170.18
27.84,94.755,169.26
27.836,95.691,169.8
27.835,95.629,169.11
27.835,96.539,170.67
27.834,95.428,171.12
27.833,96.811,171.1
27.827,96.67,171.57
27.82,94.041,171.69
27.815,95.247,171.92
27.811,94.715,172.11
27.807,95.22,172.45
27.804,94.376,173.12
27.801,96.342,171.63
27.791,96.262,172.38
27.791,95.385,174
27.789,95.511,171.79
27.789,94.819,174.57
27.788,95.956,174.15
27.781,96.35,175.32
27.778,95.96,172.88
27.76,95.103,176.07
27.758,96.506,175.84
27.756,95.972,175.63
27.75,95.736,175.46
27.749,95.779,177.45
27.74,95.633,175.67
27.739,94.951,177.85
27.739,95.521,178.44
27.735,95.815,177.37
27.733,94.488,178.77
27.727,93.879,176.73
27.719,94.294,179.95
27.711,93.958,180.7
27.71,95.209,179.48
27.699,95.575,180.98
27.698,97.031,181.87
27.693,96.454,182.14
27.689,95.197,180.02
27.686,96.353,181.62
27.676,94.502,183.06
27.668,96.084,182.82
27.665,96.33,183.68
27.659,94.625,182.76
27.655,94.194,184.4
27.654,94.729,184.33
27.651,95.009,183.4
27.651,93.973,185.71
27.64,95.803,186.62
27.636,95.966,185.26
27.627,95.191,185.07
27.626,93.962,187.08
27.624,95.056,185.2
27.624,96.308,186.73
27.623,96.283,185.79
27.623,96.003,186.06
27.622,96.309,186.46
27.62,95.531,187.36
27.618,94.476,188.03
27.618,95.612,188.26
27.609,96.692,187.75
27.605,97.185,189.29
27.599,95.601,188.23
27.597,96.002,189.16
27.597,96.679,190.12
27.59,94.394,190.27
27.569,95.074,191.65
27.566,95.842,190.22
27.563,96.353,190.22
27.56,96.581,192.9
27.555,94.736,193.4
27.546,95.195,191.65
27.525,96.064,195.51
27.519,95.596,196.28
27.514,94.911,194.21
27.514,94.513,196
27.506,95.638,196.41
27.504,95.028,195.4
27.499,97.077,11500.78
27.497,95.638,197.21
27.494,96.505,197.51
27.493,96.24,198.02
27.486,95.93,197.8
27.484,96.213,198.1
27.48,95.97,197.23
27.478,95.202,199.05
27.47,96.522,199.04
27.467,95.754,198.58
27.466,95.62,199.51
27.459,94.681,200.96
27.456,95.431,201.32
27.451,94.447,201.47
27.451,97.172,201.58
27.451,94.613,201.58
27.442,94.761,200.12
27.438,95.096,200.88
27.433,95.836,202.03
27.414,96.509,204.69
27.391,95.182,204.06
27.391,95.964,205.39
27.379,95.294,207.46
27.36,96.219,208.37
27.356,95.102,209.24
27.343,97.094,209.55
27.335,95.391,210.03
27.324,95.698,209.35
27.318,95.66,209.67
27.31,97.356,212.74
27.3,95.916,213.84
27.294,93.632,213.28
27.229,94.856,218.51
27.225,94.341,218.14
27.225,94.242,219.03
27.224,95.398,218.02
27.219,94.142,218.39
27.193,95.172,219.82
27.174,95.89,223.65
27.152,96.133,225.37
27.146,96.181,224.97
27.09,97.028,230.48
27.06,95.25,232.97
27.038,96.301,233.61
27.014,95.223,236.05
26.878,95.491,247.34
26.874,95.331,245.4
26.839,95.16,248.15
26.828,95.791,251.29
26.784,95.459,253.9
26.748,94.603,257.86
26.746,94.501,257.46
26.692,95.825,261.28
26.666,95.673,264.43
26.639,95.211,266.42
26.585,95.878,270.93
26.546,96.548,273.89
26.527,94.838,275.59
26.42,95.352,283.93
20.605,95.852,-212.94
10.971,96.421,-160.1
3.26,97.09,-103.85
